Home_Team,Stadium,Season,num,longitude,latitude,additional_info_location
Arizona Cardinals,State Farm Stadium,2018,8,33.528,-112.263,
Arizona Cardinals,State Farm Stadium,2019,8,33.528,-112.263,
Arizona Cardinals,Univeristy of Phoenix,2009,1,33.528,-112.263,
Arizona Cardinals,Univeristy of Phoenix,2010,1,33.528,-112.263,
Arizona Cardinals,Univeristy of Phoenix,2011,1,33.528,-112.263,
Arizona Cardinals,Univeristy of Phoenix,2012,1,33.528,-112.263,
Arizona Cardinals,Univerity of Phoenix Stadium,2015,1,33.528,-112.263,
Arizona Cardinals,University of Phoeinx Stadium,2016,1,33.528,-112.263,
Arizona Cardinals,University of Phoenix,2007,7,33.528,-112.263,
Arizona Cardinals,University of Phoenix,2008,8,33.528,-112.263,
Arizona Cardinals,University of Phoenix,2009,7,33.528,-112.263,
Arizona Cardinals,University of Phoenix,2010,3,33.528,-112.263,
Arizona Cardinals,University of Phoenix,2011,2,33.528,-112.263,
Arizona Cardinals,University of Phoenix,2012,2,33.528,-112.263,
Arizona Cardinals,University of Phoenix,2013,7,33.528,-112.263,
Arizona Cardinals,University of Phoenix,2014,8,33.528,-112.263,
Arizona Cardinals,University of Phoenix,2015,4,33.528,-112.263,
Arizona Cardinals,University Of Phoenix,2010,1,33.528,-112.263,
Arizona Cardinals,University Of Phoenix,2012,1,33.528,-112.263,
Arizona Cardinals,University of Phoenix Stadium,2007,1,33.528,-112.263,
Arizona Cardinals,University of Phoenix Stadium,2010,2,33.528,-112.263,
Arizona Cardinals,University of Phoenix Stadium,2011,5,33.528,-112.263,
Arizona Cardinals,University of Phoenix Stadium,2012,4,33.528,-112.263,
Arizona Cardinals,University of Phoenix Stadium,2013,1,33.528,-112.263,
Arizona Cardinals,University of Phoenix Stadium,2015,2,33.528,-112.263,
Arizona Cardinals,University of Phoenix Stadium,2016,7,33.528,-112.263,
Arizona Cardinals,University of Phoenix Stadium,2017,8,33.528,-112.263,
Arizona Cardinals,University of Phoenix Statium,2010,1,33.528,-112.263,
Arizona Cardinals,Unviversity of Phoenix Stadium,2015,1,33.528,-112.263,
Atlanta Falcons,Geogia Dome,2013,1,33.758,-84.401,
Atlanta Falcons,Georgia Dome,2007,3,33.758,-84.401,
Atlanta Falcons,Georgia Dome,2008,2,33.758,-84.401,
Atlanta Falcons,Georgia Dome,2009,5,33.758,-84.401,
Atlanta Falcons,Georgia Dome,2010,7,33.758,-84.401,
Atlanta Falcons,Georgia Dome,2011,8,33.758,-84.401,
Atlanta Falcons,Georgia Dome,2012,8,33.758,-84.401,
Atlanta Falcons,Georgia Dome,2013,7,33.758,-84.401,
Atlanta Falcons,Georgia Dome,2014,7,33.758,-84.401,
Atlanta Falcons,Georgia Dome,2015,8,33.758,-84.401,
Atlanta Falcons,Georgia Dome,2016,8,33.758,-84.401,
Atlanta Falcons,Mercedes-Benz Dome,2017,1,33.755556,-84.4,
Atlanta Falcons,Mercedes-Benz Stadium,2017,7,33.755556,-84.4,
Atlanta Falcons,Mercedes-Benz Stadium,2018,8,33.755556,-84.4,
Atlanta Falcons,Mercedes-Benz Stadium,2019,8,33.755556,-84.4,
Atlanta Falcons,The Georgia Dome,2007,5,33.758,-84.401,
Atlanta Falcons,The Georgia Dome,2008,5,33.758,-84.401,
Atlanta Falcons,The Georgia Dome,2009,3,33.758,-84.401,
Atlanta Falcons,The Georgia Dome,2010,1,33.758,-84.401,
Atlanta Falcons,The GEORGIA Dome,2008,1,33.758,-84.401,
Atlanta Falcons,Wembley,2014,1,51.3321,-0.1647,London
Baltimore Ravens,M & T Bank Stadium,2007,2,39.278056,-76.622778,
Baltimore Ravens,M & T Bank Stadium,2011,2,39.278056,-76.622778,
Baltimore Ravens,M & T Bank Stadium,2016,2,39.278056,-76.622778,
Baltimore Ravens,M & T Bank Stadium,2017,1,39.278056,-76.622778,
Baltimore Ravens,M&T Bank Stadium,2007,5,39.278056,-76.622778,
Baltimore Ravens,M&T Bank Stadium,2008,8,39.278056,-76.622778,
Baltimore Ravens,M&T Bank Stadium,2009,7,39.278056,-76.622778,
Baltimore Ravens,M&T Bank Stadium,2010,7,39.278056,-76.622778,
Baltimore Ravens,M&T Bank Stadium,2011,4,39.278056,-76.622778,
Baltimore Ravens,M&T Bank Stadium,2012,3,39.278056,-76.622778,
Baltimore Ravens,M&T Bank Stadium,2013,7,39.278056,-76.622778,
Baltimore Ravens,M&T Bank Stadium,2014,7,39.278056,-76.622778,
Baltimore Ravens,M&T Bank Stadium,2015,7,39.278056,-76.622778,
Baltimore Ravens,M&T Bank Stadium,2016,6,39.278056,-76.622778,
Baltimore Ravens,M&T Bank Stadium,2017,4,39.278056,-76.622778,
Baltimore Ravens,M&T Bank Stadium,2018,7,39.278056,-76.622778,
Baltimore Ravens,M&T Bank Stadium,2019,5,39.278056,-76.622778,
Baltimore Ravens,M&T Stadium,2007,1,39.278056,-76.622778,
Baltimore Ravens,M&T Stadium,2009,1,39.278056,-76.622778,
Baltimore Ravens,M&T Stadium,2010,1,39.278056,-76.622778,
Baltimore Ravens,M&T Stadium,2011,2,39.278056,-76.622778,
Baltimore Ravens,M&T Stadium,2012,5,39.278056,-76.622778,
Baltimore Ravens,M&T Stadium,2013,1,39.278056,-76.622778,
Baltimore Ravens,M&T Stadium,2014,1,39.278056,-76.622778,
Baltimore Ravens,M&T Stadium,2015,1,39.278056,-76.622778,
Baltimore Ravens,M&T Stadium,2017,3,39.278056,-76.622778,
Baltimore Ravens,M&T Stadium,2018,1,39.278056,-76.622778,
Baltimore Ravens,M&T Stadium,2019,3,39.278056,-76.622778,
Buffalo Bills,Ford Field,2014,1,42.34,-83.045556,Detroit
Buffalo Bills,New Era Field,2016,8,42.774,-78.787,
Buffalo Bills,New Era Field,2017,8,42.774,-78.787,
Buffalo Bills,New Era Field,2018,8,42.774,-78.787,
Buffalo Bills,New Era Field,2019,8,42.774,-78.787,
Buffalo Bills,Ralph Wilson Stadium,2007,8,42.774,-78.787,
Buffalo Bills,Ralph Wilson Stadium,2008,7,42.774,-78.787,
Buffalo Bills,Ralph Wilson Stadium,2009,7,42.774,-78.787,
Buffalo Bills,Ralph Wilson Stadium,2010,7,42.774,-78.787,
Buffalo Bills,Ralph Wilson Stadium,2011,7,42.774,-78.787,
Buffalo Bills,Ralph Wilson Stadium,2012,7,42.774,-78.787,
Buffalo Bills,Ralph Wilson Stadium,2013,7,42.774,-78.787,
Buffalo Bills,Ralph Wilson Stadium,2014,7,42.774,-78.787,
Buffalo Bills,Ralph Wilson Stadium,2015,8,42.774,-78.787,
Buffalo Bills,Rogers Centre,2008,1,43.641389,-79.389167,Toronto
Buffalo Bills,Rogers Centre,2009,1,43.641389,-79.389167,Toronto
Buffalo Bills,Rogers Centre,2010,1,43.641389,-79.389167,Toronto
Buffalo Bills,Rogers Centre,2011,1,43.641389,-79.389167,Toronto
Buffalo Bills,Rogers Centre,2012,1,43.641389,-79.389167,Toronto
Buffalo Bills,Rogers Centre,2013,1,43.641389,-79.389167,Toronto
Carolina Panthers,Bank of America,2010,1,35.225833,-80.852778,
Carolina Panthers,Bank of America,2016,1,35.225833,-80.852778,
Carolina Panthers,Bank of America Stadiium,2013,1,35.225833,-80.852778,
Carolina Panthers,Bank of America Stadium,2007,8,35.225833,-80.852778,
Carolina Panthers,Bank of America Stadium,2008,8,35.225833,-80.852778,
Carolina Panthers,Bank of America Stadium,2009,8,35.225833,-80.852778,
Carolina Panthers,Bank of America Stadium,2010,7,35.225833,-80.852778,
Carolina Panthers,Bank of America Stadium,2011,8,35.225833,-80.852778,
Carolina Panthers,Bank of America Stadium,2012,8,35.225833,-80.852778,
Carolina Panthers,Bank of America Stadium,2013,6,35.225833,-80.852778,
Carolina Panthers,Bank of America Stadium,2014,8,35.225833,-80.852778,
Carolina Panthers,Bank of America Stadium,2015,8,35.225833,-80.852778,
Carolina Panthers,Bank of America Stadium,2016,7,35.225833,-80.852778,
Carolina Panthers,Bank of America Stadium,2017,8,35.225833,-80.852778,
Carolina Panthers,Bank of America Stadium,2018,8,35.225833,-80.852778,
Carolina Panthers,Bank of America Stadium,2019,8,35.225833,-80.852778,
Carolina Panthers,Bank Of America Stadium,2013,1,35.225833,-80.852778,
Chicago Bears,Soldier,2011,1,41.8623,-87.6167,
Chicago Bears,Soldier Field,2007,8,41.8623,-87.6167,
Chicago Bears,Soldier Field,2008,8,41.8623,-87.6167,
Chicago Bears,Soldier Field,2009,8,41.8623,-87.6167,
Chicago Bears,Soldier Field,2010,8,41.8623,-87.6167,
Chicago Bears,Soldier Field,2011,7,41.8623,-87.6167,
Chicago Bears,Soldier Field,2012,8,41.8623,-87.6167,
Chicago Bears,Soldier Field,2013,8,41.8623,-87.6167,
Chicago Bears,Soldier Field,2014,8,41.8623,-87.6167,
Chicago Bears,Soldier Field,2015,8,41.8623,-87.6167,
Chicago Bears,Soldier Field,2016,5,41.8623,-87.6167,
Chicago Bears,Soldier Field,2017,8,41.8623,-87.6167,
Chicago Bears,Soldier Field,2018,8,41.8623,-87.6167,
Chicago Bears,Soldier Field,2019,8,41.8623,-87.6167,
Chicago Bears,Solider Field,2016,2,41.8623,-87.6167,
Chicago Bears,Solidier Field,2016,1,41.8623,-87.6167,
Cincinnati Bengals,Paul Brown Stadium,2007,8,39.095,-84.516,
Cincinnati Bengals,Paul Brown Stadium,2008,8,39.095,-84.516,
Cincinnati Bengals,Paul Brown Stadium,2009,8,39.095,-84.516,
Cincinnati Bengals,Paul Brown Stadium,2010,8,39.095,-84.516,
Cincinnati Bengals,Paul Brown Stadium,2011,8,39.095,-84.516,
Cincinnati Bengals,Paul Brown Stadium,2012,8,39.095,-84.516,
Cincinnati Bengals,Paul Brown Stadium,2013,8,39.095,-84.516,
Cincinnati Bengals,Paul Brown Stadium,2014,8,39.095,-84.516,
Cincinnati Bengals,Paul Brown Stadium,2015,8,39.095,-84.516,
Cincinnati Bengals,Paul Brown Stadium,2016,7,39.095,-84.516,
Cincinnati Bengals,Paul Brown Stadium,2017,8,39.095,-84.516,
Cincinnati Bengals,Paul Brown Stadium,2018,7,39.095,-84.516,
Cincinnati Bengals,Paul Brown Stadium,2019,8,39.095,-84.516,
Cincinnati Bengals,Paul Brown Stdium,2018,1,39.095,-84.516,
Cincinnati Bengals,Wembley,2016,1,51.555833,-0.279722,London
Cleveland Browns,Clevelan Browns Stadium,2011,1,41.506111,-81.699444,
Cleveland Browns,Cleveland Browns Stadium,2007,8,41.506111,-81.699444,
Cleveland Browns,Cleveland Browns Stadium,2008,8,41.506111,-81.699444,
Cleveland Browns,Cleveland Browns Stadium,2009,8,41.506111,-81.699444,
Cleveland Browns,Cleveland Browns Stadium,2010,8,41.506111,-81.699444,
Cleveland Browns,Cleveland Browns Stadium,2011,7,41.506111,-81.699444,
Cleveland Browns,Cleveland Browns Stadium,2012,8,41.506111,-81.699444,
Cleveland Browns,First Energy Stadium,2017,2,41.506111,-81.699444,
Cleveland Browns,First Energy Stadium,2019,2,41.506111,-81.699444,
Cleveland Browns,FirstEnergy,2017,1,41.506111,-81.699444,
Cleveland Browns,FirstEnergy,2018,4,41.506111,-81.699444,
Cleveland Browns,FirstEnergy Stadium,2013,8,41.506111,-81.699444,
Cleveland Browns,FirstEnergy Stadium,2014,8,41.506111,-81.699444,
Cleveland Browns,FirstEnergy Stadium,2015,8,41.506111,-81.699444,
Cleveland Browns,FirstEnergy Stadium,2016,8,41.506111,-81.699444,
Cleveland Browns,FirstEnergy Stadium,2017,4,41.506111,-81.699444,
Cleveland Browns,FirstEnergy Stadium,2018,3,41.506111,-81.699444,
Cleveland Browns,FirstEnergy Stadium,2019,6,41.506111,-81.699444,
Cleveland Browns,FirstEnergyStadium,2018,1,41.506111,-81.699444,
Cleveland Browns,Twickenham Stadium,2017,1,51.456111,-0.341667,London
Dallas Cowboys,AT&T,2014,1,32.747778,-97.092778,
Dallas Cowboys,AT&T,2015,1,32.747778,-97.092778,
Dallas Cowboys,AT&T,2016,5,32.747778,-97.092778,
Dallas Cowboys,AT&T Stadium,2013,8,32.747778,-97.092778,
Dallas Cowboys,AT&T Stadium,2014,7,32.747778,-97.092778,
Dallas Cowboys,AT&T Stadium,2015,7,32.747778,-97.092778,
Dallas Cowboys,AT&T Stadium,2016,3,32.747778,-97.092778,
Dallas Cowboys,AT&T Stadium,2017,8,32.747778,-97.092778,
Dallas Cowboys,AT&T Stadium,2018,8,32.747778,-97.092778,
Dallas Cowboys,AT&T Stadium,2019,8,32.747778,-97.092778,
Dallas Cowboys,Cowboys,2009,8,32.747778,-97.092778,
Dallas Cowboys,Cowboys,2010,8,32.747778,-97.092778,
Dallas Cowboys,Cowboys,2011,8,32.747778,-97.092778,
Dallas Cowboys,Cowboys,2012,8,32.747778,-97.092778,
Dallas Cowboys,Texas,2007,8,32.84,-96.911,
Dallas Cowboys,Texas,2008,8,32.84,-96.911,
Denver Broncos,Broncos Stadium at Mile High,2018,7,39.743889,-105.02,
Denver Broncos,Broncos Stadium At Mile High,2018,1,39.743889,-105.02,
Denver Broncos,Empower Field at Mile High,2019,8,39.743889,-105.02,
Denver Broncos,Invesco Field at Mile High,2007,8,39.743889,-105.02,
Denver Broncos,Invesco Field at Mile High,2008,8,39.743889,-105.02,
Denver Broncos,Invesco Field at Mile High,2009,8,39.743889,-105.02,
Denver Broncos,Invesco Field at Mile High,2010,8,39.743889,-105.02,
Denver Broncos,Sports Authority Field,2015,1,39.743889,-105.02,
Denver Broncos,Sports Authority Field at Mile High,2011,8,39.743889,-105.02,
Denver Broncos,Sports Authority Field at Mile High,2012,8,39.743889,-105.02,
Denver Broncos,Sports Authority Field at Mile High,2013,8,39.743889,-105.02,
Denver Broncos,Sports Authority Field at Mile High,2014,8,39.743889,-105.02,
Denver Broncos,Sports Authority Field at Mile High,2015,7,39.743889,-105.02,
Denver Broncos,Sports Authority Field at Mile High,2016,8,39.743889,-105.02,
Denver Broncos,Sports Authority Field at Mile High,2017,8,39.743889,-105.02,
Detroit Lions,Ford Field,2007,8,42.34,-83.045556,
Detroit Lions,Ford Field,2008,8,42.34,-83.045556,
Detroit Lions,Ford Field,2009,8,42.34,-83.045556,
Detroit Lions,Ford Field,2010,8,42.34,-83.045556,
Detroit Lions,Ford Field,2011,8,42.34,-83.045556,
Detroit Lions,Ford Field,2012,8,42.34,-83.045556,
Detroit Lions,Ford Field,2013,8,42.34,-83.045556,
Detroit Lions,Ford Field,2014,8,42.34,-83.045556,
Detroit Lions,Ford Field,2015,8,42.34,-83.045556,
Detroit Lions,Ford Field,2016,8,42.34,-83.045556,
Detroit Lions,Ford Field,2017,8,42.34,-83.045556,
Detroit Lions,Ford Field,2018,8,42.34,-83.045556,
Detroit Lions,Ford Field,2019,8,42.34,-83.045556,
Green Bay Packers,Lambeau field,2018,1,44.501389,-88.062222,
Green Bay Packers,Lambeau Field,2007,8,44.501389,-88.062222,
Green Bay Packers,Lambeau Field,2008,8,44.501389,-88.062222,
Green Bay Packers,Lambeau Field,2009,8,44.501389,-88.062222,
Green Bay Packers,Lambeau Field,2010,8,44.501389,-88.062222,
Green Bay Packers,Lambeau Field,2011,8,44.501389,-88.062222,
Green Bay Packers,Lambeau Field,2012,8,44.501389,-88.062222,
Green Bay Packers,Lambeau Field,2013,8,44.501389,-88.062222,
Green Bay Packers,Lambeau Field,2014,8,44.501389,-88.062222,
Green Bay Packers,Lambeau Field,2015,8,44.501389,-88.062222,
Green Bay Packers,Lambeau Field,2016,8,44.501389,-88.062222,
Green Bay Packers,Lambeau Field,2017,8,44.501389,-88.062222,
Green Bay Packers,Lambeau Field,2018,7,44.501389,-88.062222,
Green Bay Packers,Lambeau Field,2019,8,44.501389,-88.062222,
Houston Texans,NRG,2014,1,29.684722,-95.410833,
Houston Texans,NRG,2015,2,29.684722,-95.410833,
Houston Texans,NRG,2017,1,29.684722,-95.410833,
Houston Texans,NRG,2018,3,29.684722,-95.410833,
Houston Texans,NRG Stadiium,2016,1,29.684722,-95.410833,
Houston Texans,NRG Stadium,2014,6,29.684722,-95.410833,
Houston Texans,NRG Stadium,2015,6,29.684722,-95.410833,
Houston Texans,NRG Stadium,2016,7,29.684722,-95.410833,
Houston Texans,NRG Stadium,2017,7,29.684722,-95.410833,
Houston Texans,NRG Stadium,2018,5,29.684722,-95.410833,
Houston Texans,NRG Stadium,2019,8,29.684722,-95.410833,
Houston Texans,NRG STADIUM,2014,1,29.684722,-95.410833,
Houston Texans,Reliant,2008,7,29.684722,-95.410833,
Houston Texans,Reliant,2009,4,29.684722,-95.410833,
Houston Texans,Reliant Stadium,2007,8,29.684722,-95.410833,
Houston Texans,Reliant Stadium,2008,1,29.684722,-95.410833,
Houston Texans,Reliant Stadium,2009,4,29.684722,-95.410833,
Houston Texans,Reliant Stadium,2010,8,29.684722,-95.410833,
Houston Texans,Reliant Stadium,2011,8,29.684722,-95.410833,
Houston Texans,Reliant Stadium,2012,8,29.684722,-95.410833,
Houston Texans,Reliant Stadium,2013,8,29.684722,-95.410833,
Indianapolis Colts,Lucas Oil,2015,1,39.760056,-86.162806,
Indianapolis Colts,Lucas Oil,2016,1,39.760056,-86.162806,
Indianapolis Colts,Lucas Oil Stadium,2008,8,39.760056,-86.162806,
Indianapolis Colts,Lucas Oil Stadium,2009,8,39.760056,-86.162806,
Indianapolis Colts,Lucas Oil Stadium,2010,8,39.760056,-86.162806,
Indianapolis Colts,Lucas Oil Stadium,2011,8,39.760056,-86.162806,
Indianapolis Colts,Lucas Oil Stadium,2012,8,39.760056,-86.162806,
Indianapolis Colts,Lucas Oil Stadium,2013,8,39.760056,-86.162806,
Indianapolis Colts,Lucas Oil Stadium,2014,8,39.760056,-86.162806,
Indianapolis Colts,Lucas Oil Stadium,2015,7,39.760056,-86.162806,
Indianapolis Colts,Lucas Oil Stadium,2016,7,39.760056,-86.162806,
Indianapolis Colts,Lucas Oil Stadium,2017,8,39.760056,-86.162806,
Indianapolis Colts,Lucas Oil Stadium,2018,8,39.760056,-86.162806,
Indianapolis Colts,Lucas Oil Stadium,2019,8,39.760056,-86.162806,
Indianapolis Colts,RCA Dome,2007,8,39.763658,-86.163319,
Jacksonville Jaguars,EverBank,2014,1,30.323889,-81.6375,
Jacksonville Jaguars,Everbank Field,2011,1,30.323889,-81.6375,
Jacksonville Jaguars,Everbank Field,2013,2,30.323889,-81.6375,
Jacksonville Jaguars,Everbank Field,2014,1,30.323889,-81.6375,
Jacksonville Jaguars,Everbank Field,2017,3,30.323889,-81.6375,
Jacksonville Jaguars,EverBank Field,2010,8,30.323889,-81.6375,
Jacksonville Jaguars,EverBank Field,2011,7,30.323889,-81.6375,
Jacksonville Jaguars,EverBank Field,2012,8,30.323889,-81.6375,
Jacksonville Jaguars,EverBank Field,2013,5,30.323889,-81.6375,
Jacksonville Jaguars,EverBank Field,2014,5,30.323889,-81.6375,
Jacksonville Jaguars,EverBank Field,2015,7,30.323889,-81.6375,
Jacksonville Jaguars,EverBank Field,2016,7,30.323889,-81.6375,
Jacksonville Jaguars,EverBank Field,2017,4,30.323889,-81.6375,
Jacksonville Jaguars,Jacksonville Municipal Stadium,2007,8,30.323889,-81.6375,
Jacksonville Jaguars,Jacksonville Municipal Stadium,2008,8,30.323889,-81.6375,
Jacksonville Jaguars,Jacksonville Municipal Stadium,2009,8,30.323889,-81.6375,
Jacksonville Jaguars,TIAA Bank Field,2018,7,30.323889,-81.6375,
Jacksonville Jaguars,TIAA Bank Field,2019,7,30.323889,-81.6375,
Jacksonville Jaguars,Wembley Stadium,2013,1,51.555833,-0.279722,London
Jacksonville Jaguars,Wembley Stadium,2014,1,51.555833,-0.279722,
Jacksonville Jaguars,Wembley Stadium,2015,1,51.555833,-0.279722,
Jacksonville Jaguars,Wembley Stadium,2016,1,51.555833,-0.279722,
Jacksonville Jaguars,Wembley Stadium,2017,1,51.555833,-0.279722,
Jacksonville Jaguars,Wembley Stadium,2018,1,51.555833,-0.279722,
Jacksonville Jaguars,Wembley Stadium,2019,1,51.555833,-0.279722,
Kansas City Chiefs,Arrowhead,2007,1,39.048889,-94.483889,
Kansas City Chiefs,Arrowhead Stadiium,2011,1,39.048889,-94.483889,
Kansas City Chiefs,Arrowhead Stadium,2007,7,39.048889,-94.483889,
Kansas City Chiefs,Arrowhead Stadium,2008,8,39.048889,-94.483889,
Kansas City Chiefs,Arrowhead Stadium,2009,8,39.048889,-94.483889,
Kansas City Chiefs,Arrowhead Stadium,2010,8,39.048889,-94.483889,
Kansas City Chiefs,Arrowhead Stadium,2011,7,39.048889,-94.483889,
Kansas City Chiefs,Arrowhead Stadium,2012,8,39.048889,-94.483889,
Kansas City Chiefs,Arrowhead Stadium,2013,8,39.048889,-94.483889,
Kansas City Chiefs,Arrowhead Stadium,2014,8,39.048889,-94.483889,
Kansas City Chiefs,Arrowhead Stadium,2015,7,39.048889,-94.483889,
Kansas City Chiefs,Arrowhead Stadium,2016,8,39.048889,-94.483889,
Kansas City Chiefs,Arrowhead Stadium,2017,8,39.048889,-94.483889,
Kansas City Chiefs,Arrowhead Stadium,2018,8,39.048889,-94.483889,
Kansas City Chiefs,Arrowhead Stadium,2019,8,39.048889,-94.483889,
Kansas City Chiefs,Wembley Stadium,2015,1,51.555833,-0.279722,London
Los Angeles Chargers,Azteca Stadium,2019,1,19.302911,-99.150442,Mexico city
Los Angeles Chargers,Dignity Health Sports Park,2019,7,33.864,-118.261,
Los Angeles Chargers,StubHub Center,2017,8,33.864,-118.261,
Los Angeles Chargers,StubHub Center,2018,7,33.864,-118.261,
Los Angeles Chargers,Wembley Stadium,2018,1,51.555833,-0.279722,London
Los Angeles Rams,Los Angeles Memorial Coliesum,2018,1,34.014167,-118.287778,
Los Angeles Rams,Los Angeles Memorial Coliseum,2016,7,34.014167,-118.287778,
Los Angeles Rams,Los Angeles Memorial Coliseum,2017,7,34.014167,-118.287778,
Los Angeles Rams,Los Angeles Memorial Coliseum,2018,7,34.014167,-118.287778,
Los Angeles Rams,Los Angeles Memorial Coliseum,2019,7,34.014167,-118.287778,
Los Angeles Rams,Twickenham,2016,1,51.456111,-0.341667,London
Los Angeles Rams,Twickenham,2017,1,51.456111,-0.341667,London
Los Angeles Rams,Wembley Stadium,2019,1,51.555833,-0.279722,London
Miami Dolphins,Dolphin Stadium,2007,7,25.958056,-80.238889,
Miami Dolphins,Dolphin Stadium,2008,8,25.958056,-80.238889,
Miami Dolphins,Hard Rock Stadium,2016,8,25.958056,-80.238889,
Miami Dolphins,Hard Rock Stadium,2017,7,25.958056,-80.238889,
Miami Dolphins,Hard Rock Stadium,2018,8,25.958056,-80.238889,
Miami Dolphins,Hard Rock Stadium,2019,8,25.958056,-80.238889,
Miami Dolphins,Land Shark Stadium,2009,8,25.958056,-80.238889,
Miami Dolphins,Sun Life Stadium,2010,8,25.958056,-80.238889,
Miami Dolphins,Sun Life Stadium,2011,8,25.958056,-80.238889,
Miami Dolphins,Sun Life Stadium,2012,8,25.958056,-80.238889,
Miami Dolphins,Sun Life Stadium,2013,6,25.958056,-80.238889,
Miami Dolphins,Sun Life Stadium,2014,8,25.958056,-80.238889,
Miami Dolphins,Sun Life Stadium,2015,7,25.958056,-80.238889,
Miami Dolphins,SunLife Stadium,2013,2,25.958056,-80.238889,
Miami Dolphins,Wembley Stadium,2007,1,51.555833,-0.279722,London
Miami Dolphins,Wembley Stadium,2015,1,51.555833,-0.279722,London
Miami Dolphins,Wembley Stadium,2017,1,51.555833,-0.279722,London
Minnesota Vikings,Ford Field,2010,1,42.34,-83.045556,
Minnesota Vikings,Mall of America Field at HHH Metrodome,2009,5,44.973889,-93.258056,
Minnesota Vikings,Mall of America Field at HHH Metrodome,2010,6,44.973889,-93.258056,
Minnesota Vikings,Mall of America Field at HHH Metrodome,2011,8,44.973889,-93.258056,
Minnesota Vikings,Mall of America Field at HHH Metrodome,2012,8,44.973889,-93.258056,
Minnesota Vikings,Mall of America Field at HHH Metrodome,2013,7,44.973889,-93.258056,
Minnesota Vikings,Mall of America Field at the HHH Metrodome,2009,1,44.973889,-93.258056,
Minnesota Vikings,"Mall of America Field, HHH Metrodome",2009,1,44.973889,-93.258056,
Minnesota Vikings,Medtrodome,2008,1,44.973889,-93.258056,
Minnesota Vikings,Metrodome,2007,8,44.973889,-93.258056,
Minnesota Vikings,Metrodome,2008,7,44.973889,-93.258056,
Minnesota Vikings,Metrodome,2009,1,44.973889,-93.258056,
Minnesota Vikings,TCF Bank Stadium,2010,1,44.976,-93.225,
Minnesota Vikings,TCF Bank Stadium,2014,4,44.976,-93.225,
Minnesota Vikings,TCF Bank Stadium,2015,8,44.976,-93.225,
Minnesota Vikings,TCF BANK STADIUM,2014,2,44.976,-93.225,
Minnesota Vikings,TCF Bank Staduim,2014,2,44.976,-93.225,
Minnesota Vikings,U.S. Bank Stadium,2016,7,44.974,-93.258,
Minnesota Vikings,U.S. Bank Stadium,2017,8,44.974,-93.258,
Minnesota Vikings,U.S. Bank Stadium,2018,8,44.974,-93.258,
Minnesota Vikings,U.S. Bank Stadium,2019,8,44.974,-93.258,
Minnesota Vikings,US Bank Stadium,2016,1,44.974,-93.258,
Minnesota Vikings,Wembley Stadium,2013,1,51.555833,-0.279722,
New England Patriots,Gillette Stadium,2007,8,42.091,-71.264,
New England Patriots,Gillette Stadium,2008,8,42.091,-71.264,
New England Patriots,Gillette Stadium,2009,8,42.091,-71.264,
New England Patriots,Gillette Stadium,2010,8,42.091,-71.264,
New England Patriots,Gillette Stadium,2011,8,42.091,-71.264,
New England Patriots,Gillette Stadium,2012,8,42.091,-71.264,
New England Patriots,Gillette Stadium,2013,8,42.091,-71.264,
New England Patriots,Gillette Stadium,2014,8,42.091,-71.264,
New England Patriots,Gillette Stadium,2015,8,42.091,-71.264,
New England Patriots,Gillette Stadium,2016,8,42.091,-71.264,
New England Patriots,Gillette Stadium,2017,8,42.091,-71.264,
New England Patriots,Gillette Stadium,2018,8,42.091,-71.264,
New England Patriots,Gillette Stadium,2019,8,42.091,-71.264,
New Orleans Saints,Louisiana Superdome,2007,8,29.950833,-90.811111,
New Orleans Saints,Louisiana Superdome,2008,7,29.950833,-90.811111,
New Orleans Saints,Louisiana Superdome,2009,8,29.950833,-90.811111,
New Orleans Saints,Louisiana Superdome,2010,8,29.950833,-90.811111,
New Orleans Saints,Louisiana Superdome,2011,2,29.950833,-90.811111,
New Orleans Saints,Mercedes Benz-Superdome,2016,1,29.950833,-90.811111,
New Orleans Saints,Mercedes-Benz Superdome,2011,6,29.950833,-90.811111,
New Orleans Saints,Mercedes-Benz Superdome,2012,6,29.950833,-90.811111,
New Orleans Saints,Mercedes-Benz Superdome,2013,8,29.950833,-90.811111,
New Orleans Saints,Mercedes-Benz Superdome,2014,8,29.950833,-90.811111,
New Orleans Saints,Mercedes-Benz Superdome,2015,8,29.950833,-90.811111,
New Orleans Saints,Mercedes-Benz Superdome,2016,7,29.950833,-90.811111,
New Orleans Saints,Mercedes-Benz Superdome,2017,8,29.950833,-90.811111,
New Orleans Saints,Mercedes-Benz Superdome,2018,8,29.950833,-90.811111,
New Orleans Saints,Mercedes-Benz Superdome,2019,8,29.950833,-90.811111,
New Orleans Saints,Mercedez-Benz Superdome,2012,2,29.950833,-90.811111,
New Orleans Saints,Wembley,2008,1,51.555833,-0.279722,
New York Giants,Giants Stadium,2007,8,40.812222,-74.076944,
New York Giants,Giants Stadium,2008,8,40.812222,-74.076944,
New York Giants,Giants Stadium,2009,8,40.812222,-74.076944,
New York Giants,MetLife Stadium,2011,8,40.813528,-74.074361,
New York Giants,MetLife Stadium,2012,8,40.813528,-74.074361,
New York Giants,MetLife Stadium,2013,8,40.813528,-74.074361,
New York Giants,MetLife Stadium,2014,8,40.813528,-74.074361,
New York Giants,MetLife Stadium,2015,8,40.813528,-74.074361,
New York Giants,MetLife Stadium,2016,8,40.813528,-74.074361,
New York Giants,MetLife Stadium,2017,8,40.813528,-74.074361,
New York Giants,MetLife Stadium,2018,8,40.813528,-74.074361,
New York Giants,MetLife Stadium,2019,8,40.813528,-74.074361,
New York Giants,New Meadowlands Stadium,2010,8,40.813528,-74.074361,
New York Jets,Meadowlands,2007,1,40.813528,-74.074361,
New York Jets,Meadowlands,2008,1,40.813528,-74.074361,
New York Jets,MetLife,2012,1,40.813528,-74.074361,
New York Jets,MetLife,2013,5,40.813528,-74.074361,
New York Jets,MetLife,2014,5,40.813528,-74.074361,
New York Jets,MetLife,2015,4,40.813528,-74.074361,
New York Jets,MetLife,2016,7,40.813528,-74.074361,
New York Jets,MetLife,2017,7,40.813528,-74.074361,
New York Jets,MetLife,2018,4,40.813528,-74.074361,
New York Jets,Metlife Stadium,2011,5,40.813528,-74.074361,
New York Jets,Metlife Stadium,2018,1,40.813528,-74.074361,
New York Jets,MetLife Stadium,2011,3,40.813528,-74.074361,
New York Jets,MetLife Stadium,2012,7,40.813528,-74.074361,
New York Jets,MetLife Stadium,2013,3,40.813528,-74.074361,
New York Jets,MetLife Stadium,2014,3,40.813528,-74.074361,
New York Jets,MetLife Stadium,2015,4,40.813528,-74.074361,
New York Jets,MetLife Stadium,2016,1,40.813528,-74.074361,
New York Jets,MetLife Stadium,2017,1,40.813528,-74.074361,
New York Jets,MetLife Stadium,2018,3,40.813528,-74.074361,
New York Jets,MetLife Stadium,2019,8,40.813528,-74.074361,
New York Jets,New Meadowlands Stadium,2010,2,40.813528,-74.074361,
New York Jets,The Meadowlands,2007,7,40.813528,-74.074361,
New York Jets,The Meadowlands,2008,7,40.813528,-74.074361,
New York Jets,The Meadowlands,2009,8,40.813528,-74.074361,
New York Jets,The New Meadowlands Stadium,2010,6,40.813528,-74.074361,
Oakland Raiders,Estadio Azteca,2016,1,19.302911,-99.150442,Mexico city
Oakland Raiders,Estadio Azteca,2017,1,19.302911,-99.150442,Mexico city
Oakland Raiders,McAfee Coliseum,2007,8,37.751667,-122.200556,
Oakland Raiders,McAfee Coliseum,2008,1,37.751667,-122.200556,
Oakland Raiders,O. Co,2011,1,37.751667,-122.200556,
Oakland Raiders,O. co Coliseum,2011,1,37.751667,-122.200556,
Oakland Raiders,O.co Coliseum,2011,2,37.751667,-122.200556,
Oakland Raiders,O.co Coliseum,2012,8,37.751667,-122.200556,
Oakland Raiders,O.co Coliseum,2013,3,37.751667,-122.200556,
Oakland Raiders,O.co Coliseum,2014,6,37.751667,-122.200556,
Oakland Raiders,O.co Coliseum,2015,8,37.751667,-122.200556,
Oakland Raiders,O.Co Coliseum,2011,1,37.751667,-122.200556,
Oakland Raiders,O.Co Coliseum,2013,3,37.751667,-122.200556,
Oakland Raiders,O.Co Coliseum,2014,1,37.751667,-122.200556,
Oakland Raiders,O.co Coliseum Oakland,2013,1,37.751667,-122.200556,
Oakland Raiders,O.co Colisuem,2011,1,37.751667,-122.200556,
Oakland Raiders,O.Co Colisuem,2011,1,37.751667,-122.200556,
Oakland Raiders,O.Co Oakland Coliseum,2013,1,37.751667,-122.200556,
Oakland Raiders,Oakland - Alameda County Coliseum,2008,1,37.751667,-122.200556,
Oakland Raiders,Oakland -Alameda County Coliseum,2009,1,37.751667,-122.200556,
Oakland Raiders,Oakland -Alameda County Colisuem,2010,1,37.751667,-122.200556,
Oakland Raiders,Oakland -Alemeda County Coliseum,2010,1,37.751667,-122.200556,
Oakland Raiders,Oakland Alameda County Coliseum,2008,1,37.751667,-122.200556,
Oakland Raiders,Oakland Alameda County Coliseum,2009,3,37.751667,-122.200556,
Oakland Raiders,Oakland Alameda County Coliseum,2016,1,37.751667,-122.200556,
Oakland Raiders,Oakland Alameda-County Coliseum,2017,1,37.751667,-122.200556,
Oakland Raiders,Oakland Coliseum,2011,1,37.751667,-122.200556,
Oakland Raiders,Oakland-Alameda County Coliseum,2008,5,37.751667,-122.200556,
Oakland Raiders,Oakland-Alameda County Coliseum,2009,4,37.751667,-122.200556,
Oakland Raiders,Oakland-Alameda County Coliseum,2010,5,37.751667,-122.200556,
Oakland Raiders,Oakland-Alameda County Coliseum,2016,6,37.751667,-122.200556,
Oakland Raiders,Oakland-Alameda County Coliseum,2017,6,37.751667,-122.200556,
Oakland Raiders,Oakland-Alameda County Coliseum,2018,7,37.751667,-122.200556,
Oakland Raiders,Oakland-Alameda County Coliseum,2019,7,37.751667,-122.200556,
Oakland Raiders,Oakland-Alemeda County Coliseum,2010,1,37.751667,-122.200556,
Oakland Raiders,Tottenham Hotspur Stadium,2019,1,51.604444,-0.066389,London
Oakland Raiders,Wembley Stadium,2014,1,51.555833,-0.279722,London
Oakland Raiders,Wembley Stadium,2018,1,51.555833,-0.279722,London
Philadelphia Eagles,Lincoln Finacial Field,2015,1,39.900833,-75.1675,
Philadelphia Eagles,Lincoln Financal Field,2012,1,39.900833,-75.1675,
Philadelphia Eagles,Lincoln Financial Field,2007,8,39.900833,-75.1675,
Philadelphia Eagles,Lincoln Financial Field,2008,8,39.900833,-75.1675,
Philadelphia Eagles,Lincoln Financial Field,2009,8,39.900833,-75.1675,
Philadelphia Eagles,Lincoln Financial Field,2010,7,39.900833,-75.1675,
Philadelphia Eagles,Lincoln Financial Field,2011,8,39.900833,-75.1675,
Philadelphia Eagles,Lincoln Financial Field,2012,7,39.900833,-75.1675,
Philadelphia Eagles,Lincoln Financial Field,2013,8,39.900833,-75.1675,
Philadelphia Eagles,Lincoln Financial Field,2014,8,39.900833,-75.1675,
Philadelphia Eagles,Lincoln Financial Field,2015,7,39.900833,-75.1675,
Philadelphia Eagles,Lincoln Financial Field,2016,8,39.900833,-75.1675,
Philadelphia Eagles,Lincoln Financial Field,2017,8,39.900833,-75.1675,
Philadelphia Eagles,Lincoln Financial Field,2018,8,39.900833,-75.1675,
Philadelphia Eagles,Lincoln Financial Field,2019,8,39.900833,-75.1675,
Philadelphia Eagles,Lincoln Financial FIeld,2010,1,39.900833,-75.1675,
Pittsburgh Steelers,Heinz Field,2007,8,40.446667,-80.015833,
Pittsburgh Steelers,Heinz Field,2008,8,40.446667,-80.015833,
Pittsburgh Steelers,Heinz Field,2009,8,40.446667,-80.015833,
Pittsburgh Steelers,Heinz Field,2010,8,40.446667,-80.015833,
Pittsburgh Steelers,Heinz Field,2011,8,40.446667,-80.015833,
Pittsburgh Steelers,Heinz Field,2012,8,40.446667,-80.015833,
Pittsburgh Steelers,Heinz Field,2013,8,40.446667,-80.015833,
Pittsburgh Steelers,Heinz Field,2014,8,40.446667,-80.015833,
Pittsburgh Steelers,Heinz Field,2015,8,40.446667,-80.015833,
Pittsburgh Steelers,Heinz Field,2016,8,40.446667,-80.015833,
Pittsburgh Steelers,Heinz Field,2017,8,40.446667,-80.015833,
Pittsburgh Steelers,Heinz Field,2018,8,40.446667,-80.015833,
Pittsburgh Steelers,Heinz Field,2019,8,40.446667,-80.015833,
San Diego Chargers,Qualcomm Stadium,2007,8,32.783056,-117.119444,
San Diego Chargers,Qualcomm Stadium,2008,8,32.783056,-117.119444,
San Diego Chargers,Qualcomm Stadium,2009,8,32.783056,-117.119444,
San Diego Chargers,Qualcomm Stadium,2010,8,32.783056,-117.119444,
San Diego Chargers,Qualcomm Stadium,2011,7,32.783056,-117.119444,
San Diego Chargers,Qualcomm Stadium,2012,8,32.783056,-117.119444,
San Diego Chargers,Qualcomm Stadium,2013,8,32.783056,-117.119444,
San Diego Chargers,Qualcomm Stadium,2014,8,32.783056,-117.119444,
San Diego Chargers,Qualcomm Stadium,2015,8,32.783056,-117.119444,
San Diego Chargers,Qualcomm Stadium,2016,8,32.783056,-117.119444,
San Diego Chargers,Snapdragon Stadium,2011,1,32.783056,-117.119444,
San Francisco 49ers,Candlestick Park,2008,8,37.713611,-122.386111,
San Francisco 49ers,Candlestick Park,2009,8,37.713611,-122.386111,
San Francisco 49ers,Candlestick Park,2010,7,37.713611,-122.386111,
San Francisco 49ers,Candlestick Park,2011,8,37.713611,-122.386111,
San Francisco 49ers,Candlestick Park,2012,8,37.713611,-122.386111,
San Francisco 49ers,Candlestick Park,2013,8,37.713611,-122.386111,
San Francisco 49ers,Levis Stadium,2014,8,37.403,-121.97,
San Francisco 49ers,Levis Stadium,2015,8,37.403,-121.97,
San Francisco 49ers,Levis Stadium,2016,8,37.403,-121.97,
San Francisco 49ers,Levis Stadium,2017,8,37.403,-121.97,
San Francisco 49ers,Levis Stadium,2018,8,37.403,-121.97,
San Francisco 49ers,Levis Stadium,2019,8,37.403,-121.97,
San Francisco 49ers,Monster Park,2007,8,37.713611,-122.386111,
San Francisco 49ers,Wembley Stadium,2010,1,51.555833,-0.279722,
Seattle Seahawks,CenturyField,2015,1,47.5952,-122.3316,
Seattle Seahawks,CenturyField,2018,1,47.5952,-122.3316,
Seattle Seahawks,CenturyLink,2015,1,47.5952,-122.3316,
Seattle Seahawks,CenturyLink,2017,1,47.5952,-122.3316,
Seattle Seahawks,CenturyLink Field,2011,8,47.5952,-122.3316,
Seattle Seahawks,CenturyLink Field,2012,8,47.5952,-122.3316,
Seattle Seahawks,CenturyLink Field,2013,8,47.5952,-122.3316,
Seattle Seahawks,CenturyLink Field,2014,8,47.5952,-122.3316,
Seattle Seahawks,CenturyLink Field,2015,6,47.5952,-122.3316,
Seattle Seahawks,CenturyLink Field,2016,8,47.5952,-122.3316,
Seattle Seahawks,CenturyLink Field,2017,7,47.5952,-122.3316,
Seattle Seahawks,CenturyLink Field,2018,7,47.5952,-122.3316,
Seattle Seahawks,CenturyLink Field,2019,8,47.5952,-122.3316,
Seattle Seahawks,Qwest Field,2007,8,47.5952,-122.3316,
Seattle Seahawks,Qwest Field,2008,8,47.5952,-122.3316,
Seattle Seahawks,Qwest Field,2009,7,47.5952,-122.3316,
Seattle Seahawks,Qwest Field,2010,8,47.5952,-122.3316,
Seattle Seahawks,Qwest Stadium,2009,1,47.5952,-122.3316,
St. Louis Rams,Edward Jones Dome,2007,8,38.632778,-90.188611,
St. Louis Rams,Edward Jones Dome,2008,8,38.632778,-90.188611,
St. Louis Rams,Edward Jones Dome,2009,8,38.632778,-90.188611,
St. Louis Rams,Edward Jones Dome,2010,8,38.632778,-90.188611,
St. Louis Rams,Edward Jones Dome,2011,8,38.632778,-90.188611,
St. Louis Rams,Edward Jones Dome,2012,7,38.632778,-90.188611,
St. Louis Rams,Edward Jones Dome,2013,7,38.632778,-90.188611,
St. Louis Rams,Edward Jones Dome,2014,8,38.632778,-90.188611,
St. Louis Rams,Edward Jones Dome,2015,8,38.632778,-90.188611,
St. Louis Rams,Edwards Jones Dome,2013,1,38.632778,-90.188611,
St. Louis Rams,Wembley Stadium,2012,1,51.555833,-0.279722,
Tampa Bay Buccaneers,Raymond James Stadium,2007,8,27.975833,-82.503333,
Tampa Bay Buccaneers,Raymond James Stadium,2008,8,27.975833,-82.503333,
Tampa Bay Buccaneers,Raymond James Stadium,2009,7,27.975833,-82.503333,
Tampa Bay Buccaneers,Raymond James Stadium,2010,8,27.975833,-82.503333,
Tampa Bay Buccaneers,Raymond James Stadium,2011,7,27.975833,-82.503333,
Tampa Bay Buccaneers,Raymond James Stadium,2012,8,27.975833,-82.503333,
Tampa Bay Buccaneers,Raymond James Stadium,2013,8,27.975833,-82.503333,
Tampa Bay Buccaneers,Raymond James Stadium,2014,7,27.975833,-82.503333,
Tampa Bay Buccaneers,Raymond James Stadium,2015,8,27.975833,-82.503333,
Tampa Bay Buccaneers,Raymond James Stadium,2016,8,27.975833,-82.503333,
Tampa Bay Buccaneers,Raymond James Stadium,2017,8,27.975833,-82.503333,
Tampa Bay Buccaneers,Raymond James Stadium,2018,8,27.975833,-82.503333,
Tampa Bay Buccaneers,Raymond James Stadium,2019,7,27.975833,-82.503333,
Tampa Bay Buccaneers,Raymond James STadium,2014,1,27.975833,-82.503333,
Tampa Bay Buccaneers,Tottenham Hotspur,2019,1,51.604444,-0.066389,London
Tampa Bay Buccaneers,Wembley Stadium,2009,1,51.555833,-0.279722,
Tampa Bay Buccaneers,Wembley Stadium,2011,1,51.555833,-0.279722,
Tennessee Titans,LP Field,2007,8,36.166389,-86.771389,
Tennessee Titans,LP Field,2008,8,36.166389,-86.771389,
Tennessee Titans,LP Field,2009,8,36.166389,-86.771389,
Tennessee Titans,LP Field,2010,8,36.166389,-86.771389,
Tennessee Titans,LP Field,2011,8,36.166389,-86.771389,
Tennessee Titans,LP Field,2012,8,36.166389,-86.771389,
Tennessee Titans,LP Field,2013,8,36.166389,-86.771389,
Tennessee Titans,LP Field,2014,8,36.166389,-86.771389,
Tennessee Titans,Nissan Stadium,2015,8,36.166389,-86.771389,
Tennessee Titans,Nissan Stadium,2016,8,36.166389,-86.771389,
Tennessee Titans,Nissan Stadium,2017,8,36.166389,-86.771389,
Tennessee Titans,Nissan Stadium,2018,8,36.166389,-86.771389,
Tennessee Titans,Nissan Stadium,2019,8,36.166389,-86.771389,
Washington Redskins,Fedex Field,2012,1,38.907778,-76.864444,
Washington Redskins,FedEx Field,2007,1,38.907778,-76.864444,
Washington Redskins,FedEx Field,2008,1,38.907778,-76.864444,
Washington Redskins,FedexField,2019,1,38.907778,-76.864444,
Washington Redskins,FedExField,2007,7,38.907778,-76.864444,
Washington Redskins,FedExField,2008,7,38.907778,-76.864444,
Washington Redskins,FedExField,2009,8,38.907778,-76.864444,
Washington Redskins,FedExField,2010,8,38.907778,-76.864444,
Washington Redskins,FedExField,2011,8,38.907778,-76.864444,
Washington Redskins,FedExField,2012,7,38.907778,-76.864444,
Washington Redskins,FedExField,2013,8,38.907778,-76.864444,
Washington Redskins,FedExField,2014,8,38.907778,-76.864444,
Washington Redskins,FedExField,2015,8,38.907778,-76.864444,
Washington Redskins,FedExField,2016,8,38.907778,-76.864444,
Washington Redskins,FedExField,2017,8,38.907778,-76.864444,
Washington Redskins,FedExField,2018,8,38.907778,-76.864444,
Washington Redskins,FedExField,2019,7,38.907778,-76.864444,