Home_Team,Stadium,Season,num
Arizona Cardinals,State Farm Stadium,2018,8
Arizona Cardinals,State Farm Stadium,2019,8
Arizona Cardinals,Univeristy of Phoenix,2009,1
Arizona Cardinals,Univeristy of Phoenix,2010,1
Arizona Cardinals,Univeristy of Phoenix,2011,1
Arizona Cardinals,Univeristy of Phoenix,2012,1
Arizona Cardinals,Univerity of Phoenix Stadium,2015,1
Arizona Cardinals,University of Phoeinx Stadium,2016,1
Arizona Cardinals,University of Phoenix,2007,7
Arizona Cardinals,University of Phoenix,2008,8
Arizona Cardinals,University of Phoenix,2009,7
Arizona Cardinals,University of Phoenix,2010,3
Arizona Cardinals,University of Phoenix,2011,2
Arizona Cardinals,University of Phoenix,2012,2
Arizona Cardinals,University of Phoenix,2013,7
Arizona Cardinals,University of Phoenix,2014,8
Arizona Cardinals,University of Phoenix,2015,4
Arizona Cardinals,University Of Phoenix,2010,1
Arizona Cardinals,University Of Phoenix,2012,1
Arizona Cardinals,University of Phoenix Stadium,2007,1
Arizona Cardinals,University of Phoenix Stadium,2010,2
Arizona Cardinals,University of Phoenix Stadium,2011,5
Arizona Cardinals,University of Phoenix Stadium,2012,4
Arizona Cardinals,University of Phoenix Stadium,2013,1
Arizona Cardinals,University of Phoenix Stadium,2015,2
Arizona Cardinals,University of Phoenix Stadium,2016,7
Arizona Cardinals,University of Phoenix Stadium,2017,8
Arizona Cardinals,University of Phoenix Statium,2010,1
Arizona Cardinals,Unviversity of Phoenix Stadium,2015,1
Atlanta Falcons,Geogia Dome,2013,1
Atlanta Falcons,Georgia Dome,2007,3
Atlanta Falcons,Georgia Dome,2008,2
Atlanta Falcons,Georgia Dome,2009,5
Atlanta Falcons,Georgia Dome,2010,7
Atlanta Falcons,Georgia Dome,2011,8
Atlanta Falcons,Georgia Dome,2012,8
Atlanta Falcons,Georgia Dome,2013,7
Atlanta Falcons,Georgia Dome,2014,7
Atlanta Falcons,Georgia Dome,2015,8
Atlanta Falcons,Georgia Dome,2016,8
Atlanta Falcons,Mercedes-Benz Dome,2017,1
Atlanta Falcons,Mercedes-Benz Stadium,2017,7
Atlanta Falcons,Mercedes-Benz Stadium,2018,8
Atlanta Falcons,Mercedes-Benz Stadium,2019,8
Atlanta Falcons,The Georgia Dome,2007,5
Atlanta Falcons,The Georgia Dome,2008,5
Atlanta Falcons,The Georgia Dome,2009,3
Atlanta Falcons,The Georgia Dome,2010,1
Atlanta Falcons,The GEORGIA Dome,2008,1
Atlanta Falcons,Wembley,2014,1
Baltimore Ravens,M & T Bank Stadium,2007,2
Baltimore Ravens,M & T Bank Stadium,2011,2
Baltimore Ravens,M & T Bank Stadium,2016,2
Baltimore Ravens,M & T Bank Stadium,2017,1
Baltimore Ravens,M&T Bank Stadium,2007,5
Baltimore Ravens,M&T Bank Stadium,2008,8
Baltimore Ravens,M&T Bank Stadium,2009,7
Baltimore Ravens,M&T Bank Stadium,2010,7
Baltimore Ravens,M&T Bank Stadium,2011,4
Baltimore Ravens,M&T Bank Stadium,2012,3
Baltimore Ravens,M&T Bank Stadium,2013,7
Baltimore Ravens,M&T Bank Stadium,2014,7
Baltimore Ravens,M&T Bank Stadium,2015,7
Baltimore Ravens,M&T Bank Stadium,2016,6
Baltimore Ravens,M&T Bank Stadium,2017,4
Baltimore Ravens,M&T Bank Stadium,2018,7
Baltimore Ravens,M&T Bank Stadium,2019,5
Baltimore Ravens,M&T Stadium,2007,1
Baltimore Ravens,M&T Stadium,2009,1
Baltimore Ravens,M&T Stadium,2010,1
Baltimore Ravens,M&T Stadium,2011,2
Baltimore Ravens,M&T Stadium,2012,5
Baltimore Ravens,M&T Stadium,2013,1
Baltimore Ravens,M&T Stadium,2014,1
Baltimore Ravens,M&T Stadium,2015,1
Baltimore Ravens,M&T Stadium,2017,3
Baltimore Ravens,M&T Stadium,2018,1
Baltimore Ravens,M&T Stadium,2019,3
Buffalo Bills,Ford Field,2014,1
Buffalo Bills,New Era Field,2016,8
Buffalo Bills,New Era Field,2017,8
Buffalo Bills,New Era Field,2018,8
Buffalo Bills,New Era Field,2019,8
Buffalo Bills,Ralph Wilson Stadium,2007,8
Buffalo Bills,Ralph Wilson Stadium,2008,7
Buffalo Bills,Ralph Wilson Stadium,2009,7
Buffalo Bills,Ralph Wilson Stadium,2010,7
Buffalo Bills,Ralph Wilson Stadium,2011,7
Buffalo Bills,Ralph Wilson Stadium,2012,7
Buffalo Bills,Ralph Wilson Stadium,2013,7
Buffalo Bills,Ralph Wilson Stadium,2014,7
Buffalo Bills,Ralph Wilson Stadium,2015,8
Buffalo Bills,Rogers Centre,2008,1
Buffalo Bills,Rogers Centre,2009,1
Buffalo Bills,Rogers Centre,2010,1
Buffalo Bills,Rogers Centre,2011,1
Buffalo Bills,Rogers Centre,2012,1
Buffalo Bills,Rogers Centre,2013,1
Carolina Panthers,Bank of America,2010,1
Carolina Panthers,Bank of America,2016,1
Carolina Panthers,Bank of America Stadiium,2013,1
Carolina Panthers,Bank of America Stadium,2007,8
Carolina Panthers,Bank of America Stadium,2008,8
Carolina Panthers,Bank of America Stadium,2009,8
Carolina Panthers,Bank of America Stadium,2010,7
Carolina Panthers,Bank of America Stadium,2011,8
Carolina Panthers,Bank of America Stadium,2012,8
Carolina Panthers,Bank of America Stadium,2013,6
Carolina Panthers,Bank of America Stadium,2014,8
Carolina Panthers,Bank of America Stadium,2015,8
Carolina Panthers,Bank of America Stadium,2016,7
Carolina Panthers,Bank of America Stadium,2017,8
Carolina Panthers,Bank of America Stadium,2018,8
Carolina Panthers,Bank of America Stadium,2019,8
Carolina Panthers,Bank Of America Stadium,2013,1
Chicago Bears,Soldier,2011,1
Chicago Bears,Soldier Field,2007,8
Chicago Bears,Soldier Field,2008,8
Chicago Bears,Soldier Field,2009,8
Chicago Bears,Soldier Field,2010,8
Chicago Bears,Soldier Field,2011,7
Chicago Bears,Soldier Field,2012,8
Chicago Bears,Soldier Field,2013,8
Chicago Bears,Soldier Field,2014,8
Chicago Bears,Soldier Field,2015,8
Chicago Bears,Soldier Field,2016,5
Chicago Bears,Soldier Field,2017,8
Chicago Bears,Soldier Field,2018,8
Chicago Bears,Soldier Field,2019,8
Chicago Bears,Solider Field,2016,2
Chicago Bears,Solidier Field,2016,1
Cincinnati Bengals,Paul Brown Stadium,2007,8
Cincinnati Bengals,Paul Brown Stadium,2008,8
Cincinnati Bengals,Paul Brown Stadium,2009,8
Cincinnati Bengals,Paul Brown Stadium,2010,8
Cincinnati Bengals,Paul Brown Stadium,2011,8
Cincinnati Bengals,Paul Brown Stadium,2012,8
Cincinnati Bengals,Paul Brown Stadium,2013,8
Cincinnati Bengals,Paul Brown Stadium,2014,8
Cincinnati Bengals,Paul Brown Stadium,2015,8
Cincinnati Bengals,Paul Brown Stadium,2016,7
Cincinnati Bengals,Paul Brown Stadium,2017,8
Cincinnati Bengals,Paul Brown Stadium,2018,7
Cincinnati Bengals,Paul Brown Stadium,2019,8
Cincinnati Bengals,Paul Brown Stdium,2018,1
Cincinnati Bengals,Wembley,2016,1
Cleveland Browns,Clevelan Browns Stadium,2011,1
Cleveland Browns,Cleveland Browns Stadium,2007,8
Cleveland Browns,Cleveland Browns Stadium,2008,8
Cleveland Browns,Cleveland Browns Stadium,2009,8
Cleveland Browns,Cleveland Browns Stadium,2010,8
Cleveland Browns,Cleveland Browns Stadium,2011,7
Cleveland Browns,Cleveland Browns Stadium,2012,8
Cleveland Browns,First Energy Stadium,2017,2
Cleveland Browns,First Energy Stadium,2019,2
Cleveland Browns,FirstEnergy,2017,1
Cleveland Browns,FirstEnergy,2018,4
Cleveland Browns,FirstEnergy Stadium,2013,8
Cleveland Browns,FirstEnergy Stadium,2014,8
Cleveland Browns,FirstEnergy Stadium,2015,8
Cleveland Browns,FirstEnergy Stadium,2016,8
Cleveland Browns,FirstEnergy Stadium,2017,4
Cleveland Browns,FirstEnergy Stadium,2018,3
Cleveland Browns,FirstEnergy Stadium,2019,6
Cleveland Browns,FirstEnergyStadium,2018,1
Cleveland Browns,Twickenham Stadium,2017,1
Dallas Cowboys,AT&T,2014,1
Dallas Cowboys,AT&T,2015,1
Dallas Cowboys,AT&T,2016,5
Dallas Cowboys,AT&T Stadium,2013,8
Dallas Cowboys,AT&T Stadium,2014,7
Dallas Cowboys,AT&T Stadium,2015,7
Dallas Cowboys,AT&T Stadium,2016,3
Dallas Cowboys,AT&T Stadium,2017,8
Dallas Cowboys,AT&T Stadium,2018,8
Dallas Cowboys,AT&T Stadium,2019,8
Dallas Cowboys,Cowboys,2009,8
Dallas Cowboys,Cowboys,2010,8
Dallas Cowboys,Cowboys,2011,8
Dallas Cowboys,Cowboys,2012,8
Dallas Cowboys,Texas,2007,8
Dallas Cowboys,Texas,2008,8
Denver Broncos,Broncos Stadium at Mile High,2018,7
Denver Broncos,Broncos Stadium At Mile High,2018,1
Denver Broncos,Empower Field at Mile High,2019,8
Denver Broncos,Invesco Field at Mile High,2007,8
Denver Broncos,Invesco Field at Mile High,2008,8
Denver Broncos,Invesco Field at Mile High,2009,8
Denver Broncos,Invesco Field at Mile High,2010,8
Denver Broncos,Sports Authority Field,2015,1
Denver Broncos,Sports Authority Field at Mile High,2011,8
Denver Broncos,Sports Authority Field at Mile High,2012,8
Denver Broncos,Sports Authority Field at Mile High,2013,8
Denver Broncos,Sports Authority Field at Mile High,2014,8
Denver Broncos,Sports Authority Field at Mile High,2015,7
Denver Broncos,Sports Authority Field at Mile High,2016,8
Denver Broncos,Sports Authority Field at Mile High,2017,8
Detroit Lions,Ford Field,2007,8
Detroit Lions,Ford Field,2008,8
Detroit Lions,Ford Field,2009,8
Detroit Lions,Ford Field,2010,8
Detroit Lions,Ford Field,2011,8
Detroit Lions,Ford Field,2012,8
Detroit Lions,Ford Field,2013,8
Detroit Lions,Ford Field,2014,8
Detroit Lions,Ford Field,2015,8
Detroit Lions,Ford Field,2016,8
Detroit Lions,Ford Field,2017,8
Detroit Lions,Ford Field,2018,8
Detroit Lions,Ford Field,2019,8
Green Bay Packers,Lambeau field,2018,1
Green Bay Packers,Lambeau Field,2007,8
Green Bay Packers,Lambeau Field,2008,8
Green Bay Packers,Lambeau Field,2009,8
Green Bay Packers,Lambeau Field,2010,8
Green Bay Packers,Lambeau Field,2011,8
Green Bay Packers,Lambeau Field,2012,8
Green Bay Packers,Lambeau Field,2013,8
Green Bay Packers,Lambeau Field,2014,8
Green Bay Packers,Lambeau Field,2015,8
Green Bay Packers,Lambeau Field,2016,8
Green Bay Packers,Lambeau Field,2017,8
Green Bay Packers,Lambeau Field,2018,7
Green Bay Packers,Lambeau Field,2019,8
Houston Texans,NRG,2014,1
Houston Texans,NRG,2015,2
Houston Texans,NRG,2017,1
Houston Texans,NRG,2018,3
Houston Texans,NRG Stadiium,2016,1
Houston Texans,NRG Stadium,2014,6
Houston Texans,NRG Stadium,2015,6
Houston Texans,NRG Stadium,2016,7
Houston Texans,NRG Stadium,2017,7
Houston Texans,NRG Stadium,2018,5
Houston Texans,NRG Stadium,2019,8
Houston Texans,NRG STADIUM,2014,1
Houston Texans,Reliant,2008,7
Houston Texans,Reliant,2009,4
Houston Texans,Reliant Stadium,2007,8
Houston Texans,Reliant Stadium,2008,1
Houston Texans,Reliant Stadium,2009,4
Houston Texans,Reliant Stadium,2010,8
Houston Texans,Reliant Stadium,2011,8
Houston Texans,Reliant Stadium,2012,8
Houston Texans,Reliant Stadium,2013,8
Indianapolis Colts,Lucas Oil,2015,1
Indianapolis Colts,Lucas Oil,2016,1
Indianapolis Colts,Lucas Oil Stadium,2008,8
Indianapolis Colts,Lucas Oil Stadium,2009,8
Indianapolis Colts,Lucas Oil Stadium,2010,8
Indianapolis Colts,Lucas Oil Stadium,2011,8
Indianapolis Colts,Lucas Oil Stadium,2012,8
Indianapolis Colts,Lucas Oil Stadium,2013,8
Indianapolis Colts,Lucas Oil Stadium,2014,8
Indianapolis Colts,Lucas Oil Stadium,2015,7
Indianapolis Colts,Lucas Oil Stadium,2016,7
Indianapolis Colts,Lucas Oil Stadium,2017,8
Indianapolis Colts,Lucas Oil Stadium,2018,8
Indianapolis Colts,Lucas Oil Stadium,2019,8
Indianapolis Colts,RCA Dome,2007,8
Jacksonville Jaguars,EverBank,2014,1
Jacksonville Jaguars,Everbank Field,2011,1
Jacksonville Jaguars,Everbank Field,2013,2
Jacksonville Jaguars,Everbank Field,2014,1
Jacksonville Jaguars,Everbank Field,2017,3
Jacksonville Jaguars,EverBank Field,2010,8
Jacksonville Jaguars,EverBank Field,2011,7
Jacksonville Jaguars,EverBank Field,2012,8
Jacksonville Jaguars,EverBank Field,2013,5
Jacksonville Jaguars,EverBank Field,2014,5
Jacksonville Jaguars,EverBank Field,2015,7
Jacksonville Jaguars,EverBank Field,2016,7
Jacksonville Jaguars,EverBank Field,2017,4
Jacksonville Jaguars,Jacksonville Municipal Stadium,2007,8
Jacksonville Jaguars,Jacksonville Municipal Stadium,2008,8
Jacksonville Jaguars,Jacksonville Municipal Stadium,2009,8
Jacksonville Jaguars,TIAA Bank Field,2018,7
Jacksonville Jaguars,TIAA Bank Field,2019,7
Jacksonville Jaguars,Wembley Stadium,2013,1
Jacksonville Jaguars,Wembley Stadium,2014,1
Jacksonville Jaguars,Wembley Stadium,2015,1
Jacksonville Jaguars,Wembley Stadium,2016,1
Jacksonville Jaguars,Wembley Stadium,2017,1
Jacksonville Jaguars,Wembley Stadium,2018,1
Jacksonville Jaguars,Wembley Stadium,2019,1
Kansas City Chiefs,Arrowhead,2007,1
Kansas City Chiefs,Arrowhead Stadiium,2011,1
Kansas City Chiefs,Arrowhead Stadium,2007,7
Kansas City Chiefs,Arrowhead Stadium,2008,8
Kansas City Chiefs,Arrowhead Stadium,2009,8
Kansas City Chiefs,Arrowhead Stadium,2010,8
Kansas City Chiefs,Arrowhead Stadium,2011,7
Kansas City Chiefs,Arrowhead Stadium,2012,8
Kansas City Chiefs,Arrowhead Stadium,2013,8
Kansas City Chiefs,Arrowhead Stadium,2014,8
Kansas City Chiefs,Arrowhead Stadium,2015,7
Kansas City Chiefs,Arrowhead Stadium,2016,8
Kansas City Chiefs,Arrowhead Stadium,2017,8
Kansas City Chiefs,Arrowhead Stadium,2018,8
Kansas City Chiefs,Arrowhead Stadium,2019,8
Kansas City Chiefs,Wembley Stadium,2015,1
Los Angeles Chargers,Azteca Stadium,2019,1
Los Angeles Chargers,Dignity Health Sports Park,2019,7
Los Angeles Chargers,StubHub Center,2017,8
Los Angeles Chargers,StubHub Center,2018,7
Los Angeles Chargers,Wembley Stadium,2018,1
Los Angeles Rams,Los Angeles Memorial Coliesum,2018,1
Los Angeles Rams,Los Angeles Memorial Coliseum,2016,7
Los Angeles Rams,Los Angeles Memorial Coliseum,2017,7
Los Angeles Rams,Los Angeles Memorial Coliseum,2018,7
Los Angeles Rams,Los Angeles Memorial Coliseum,2019,7
Los Angeles Rams,Twickenham,2016,1
Los Angeles Rams,Twickenham,2017,1
Los Angeles Rams,Wembley Stadium,2019,1
Miami Dolphins,Dolphin Stadium,2007,7
Miami Dolphins,Dolphin Stadium,2008,8
Miami Dolphins,Hard Rock Stadium,2016,8
Miami Dolphins,Hard Rock Stadium,2017,7
Miami Dolphins,Hard Rock Stadium,2018,8
Miami Dolphins,Hard Rock Stadium,2019,8
Miami Dolphins,Land Shark Stadium,2009,8
Miami Dolphins,Sun Life Stadium,2010,8
Miami Dolphins,Sun Life Stadium,2011,8
Miami Dolphins,Sun Life Stadium,2012,8
Miami Dolphins,Sun Life Stadium,2013,6
Miami Dolphins,Sun Life Stadium,2014,8
Miami Dolphins,Sun Life Stadium,2015,7
Miami Dolphins,SunLife Stadium,2013,2
Miami Dolphins,Wembley Stadium,2007,1
Miami Dolphins,Wembley Stadium,2015,1
Miami Dolphins,Wembley Stadium,2017,1
Minnesota Vikings,Ford Field,2010,1
Minnesota Vikings,Mall of America Field at HHH Metrodome,2009,5
Minnesota Vikings,Mall of America Field at HHH Metrodome,2010,6
Minnesota Vikings,Mall of America Field at HHH Metrodome,2011,8
Minnesota Vikings,Mall of America Field at HHH Metrodome,2012,8
Minnesota Vikings,Mall of America Field at HHH Metrodome,2013,7
Minnesota Vikings,Mall of America Field at the HHH Metrodome,2009,1
Minnesota Vikings,"Mall of America Field, HHH Metrodome",2009,1
Minnesota Vikings,Medtrodome,2008,1
Minnesota Vikings,Metrodome,2007,8
Minnesota Vikings,Metrodome,2008,7
Minnesota Vikings,Metrodome,2009,1
Minnesota Vikings,TCF Bank Stadium,2010,1
Minnesota Vikings,TCF Bank Stadium,2014,4
Minnesota Vikings,TCF Bank Stadium,2015,8
Minnesota Vikings,TCF BANK STADIUM,2014,2
Minnesota Vikings,TCF Bank Staduim,2014,2
Minnesota Vikings,U.S. Bank Stadium,2016,7
Minnesota Vikings,U.S. Bank Stadium,2017,8
Minnesota Vikings,U.S. Bank Stadium,2018,8
Minnesota Vikings,U.S. Bank Stadium,2019,8
Minnesota Vikings,US Bank Stadium,2016,1
Minnesota Vikings,Wembley Stadium,2013,1
New England Patriots,Gillette Stadium,2007,8
New England Patriots,Gillette Stadium,2008,8
New England Patriots,Gillette Stadium,2009,8
New England Patriots,Gillette Stadium,2010,8
New England Patriots,Gillette Stadium,2011,8
New England Patriots,Gillette Stadium,2012,8
New England Patriots,Gillette Stadium,2013,8
New England Patriots,Gillette Stadium,2014,8
New England Patriots,Gillette Stadium,2015,8
New England Patriots,Gillette Stadium,2016,8
New England Patriots,Gillette Stadium,2017,8
New England Patriots,Gillette Stadium,2018,8
New England Patriots,Gillette Stadium,2019,8
New Orleans Saints,Louisiana Superdome,2007,8
New Orleans Saints,Louisiana Superdome,2008,7
New Orleans Saints,Louisiana Superdome,2009,8
New Orleans Saints,Louisiana Superdome,2010,8
New Orleans Saints,Louisiana Superdome,2011,2
New Orleans Saints,Mercedes Benz-Superdome,2016,1
New Orleans Saints,Mercedes-Benz Superdome,2011,6
New Orleans Saints,Mercedes-Benz Superdome,2012,6
New Orleans Saints,Mercedes-Benz Superdome,2013,8
New Orleans Saints,Mercedes-Benz Superdome,2014,8
New Orleans Saints,Mercedes-Benz Superdome,2015,8
New Orleans Saints,Mercedes-Benz Superdome,2016,7
New Orleans Saints,Mercedes-Benz Superdome,2017,8
New Orleans Saints,Mercedes-Benz Superdome,2018,8
New Orleans Saints,Mercedes-Benz Superdome,2019,8
New Orleans Saints,Mercedez-Benz Superdome,2012,2
New Orleans Saints,Wembley,2008,1
New York Giants,Giants Stadium,2007,8
New York Giants,Giants Stadium,2008,8
New York Giants,Giants Stadium,2009,8
New York Giants,MetLife Stadium,2011,8
New York Giants,MetLife Stadium,2012,8
New York Giants,MetLife Stadium,2013,8
New York Giants,MetLife Stadium,2014,8
New York Giants,MetLife Stadium,2015,8
New York Giants,MetLife Stadium,2016,8
New York Giants,MetLife Stadium,2017,8
New York Giants,MetLife Stadium,2018,8
New York Giants,MetLife Stadium,2019,8
New York Giants,New Meadowlands Stadium,2010,8
New York Jets,Meadowlands,2007,1
New York Jets,Meadowlands,2008,1
New York Jets,MetLife,2012,1
New York Jets,MetLife,2013,5
New York Jets,MetLife,2014,5
New York Jets,MetLife,2015,4
New York Jets,MetLife,2016,7
New York Jets,MetLife,2017,7
New York Jets,MetLife,2018,4
New York Jets,Metlife Stadium,2011,5
New York Jets,Metlife Stadium,2018,1
New York Jets,MetLife Stadium,2011,3
New York Jets,MetLife Stadium,2012,7
New York Jets,MetLife Stadium,2013,3
New York Jets,MetLife Stadium,2014,3
New York Jets,MetLife Stadium,2015,4
New York Jets,MetLife Stadium,2016,1
New York Jets,MetLife Stadium,2017,1
New York Jets,MetLife Stadium,2018,3
New York Jets,MetLife Stadium,2019,8
New York Jets,New Meadowlands Stadium,2010,2
New York Jets,The Meadowlands,2007,7
New York Jets,The Meadowlands,2008,7
New York Jets,The Meadowlands,2009,8
New York Jets,The New Meadowlands Stadium,2010,6
Oakland Raiders,Estadio Azteca,2016,1
Oakland Raiders,Estadio Azteca,2017,1
Oakland Raiders,McAfee Coliseum,2007,8
Oakland Raiders,McAfee Coliseum,2008,1
Oakland Raiders,O. Co,2011,1
Oakland Raiders,O. co Coliseum,2011,1
Oakland Raiders,O.co Coliseum,2011,2
Oakland Raiders,O.co Coliseum,2012,8
Oakland Raiders,O.co Coliseum,2013,3
Oakland Raiders,O.co Coliseum,2014,6
Oakland Raiders,O.co Coliseum,2015,8
Oakland Raiders,O.Co Coliseum,2011,1
Oakland Raiders,O.Co Coliseum,2013,3
Oakland Raiders,O.Co Coliseum,2014,1
Oakland Raiders,O.co Coliseum Oakland,2013,1
Oakland Raiders,O.co Colisuem,2011,1
Oakland Raiders,O.Co Colisuem,2011,1
Oakland Raiders,O.Co Oakland Coliseum,2013,1
Oakland Raiders,Oakland - Alameda County Coliseum,2008,1
Oakland Raiders,Oakland -Alameda County Coliseum,2009,1
Oakland Raiders,Oakland -Alameda County Colisuem,2010,1
Oakland Raiders,Oakland -Alemeda County Coliseum,2010,1
Oakland Raiders,Oakland Alameda County Coliseum,2008,1
Oakland Raiders,Oakland Alameda County Coliseum,2009,3
Oakland Raiders,Oakland Alameda County Coliseum,2016,1
Oakland Raiders,Oakland Alameda-County Coliseum,2017,1
Oakland Raiders,Oakland Coliseum,2011,1
Oakland Raiders,Oakland-Alameda County Coliseum,2008,5
Oakland Raiders,Oakland-Alameda County Coliseum,2009,4
Oakland Raiders,Oakland-Alameda County Coliseum,2010,5
Oakland Raiders,Oakland-Alameda County Coliseum,2016,6
Oakland Raiders,Oakland-Alameda County Coliseum,2017,6
Oakland Raiders,Oakland-Alameda County Coliseum,2018,7
Oakland Raiders,Oakland-Alameda County Coliseum,2019,7
Oakland Raiders,Oakland-Alemeda County Coliseum,2010,1
Oakland Raiders,Tottenham Hotspur Stadium,2019,1
Oakland Raiders,Wembley Stadium,2014,1
Oakland Raiders,Wembley Stadium,2018,1
Philadelphia Eagles,Lincoln Finacial Field,2015,1
Philadelphia Eagles,Lincoln Financal Field,2012,1
Philadelphia Eagles,Lincoln Financial Field,2007,8
Philadelphia Eagles,Lincoln Financial Field,2008,8
Philadelphia Eagles,Lincoln Financial Field,2009,8
Philadelphia Eagles,Lincoln Financial Field,2010,7
Philadelphia Eagles,Lincoln Financial Field,2011,8
Philadelphia Eagles,Lincoln Financial Field,2012,7
Philadelphia Eagles,Lincoln Financial Field,2013,8
Philadelphia Eagles,Lincoln Financial Field,2014,8
Philadelphia Eagles,Lincoln Financial Field,2015,7
Philadelphia Eagles,Lincoln Financial Field,2016,8
Philadelphia Eagles,Lincoln Financial Field,2017,8
Philadelphia Eagles,Lincoln Financial Field,2018,8
Philadelphia Eagles,Lincoln Financial Field,2019,8
Philadelphia Eagles,Lincoln Financial FIeld,2010,1
Pittsburgh Steelers,Heinz Field,2007,8
Pittsburgh Steelers,Heinz Field,2008,8
Pittsburgh Steelers,Heinz Field,2009,8
Pittsburgh Steelers,Heinz Field,2010,8
Pittsburgh Steelers,Heinz Field,2011,8
Pittsburgh Steelers,Heinz Field,2012,8
Pittsburgh Steelers,Heinz Field,2013,8
Pittsburgh Steelers,Heinz Field,2014,8
Pittsburgh Steelers,Heinz Field,2015,8
Pittsburgh Steelers,Heinz Field,2016,8
Pittsburgh Steelers,Heinz Field,2017,8
Pittsburgh Steelers,Heinz Field,2018,8
Pittsburgh Steelers,Heinz Field,2019,8
San Diego Chargers,Qualcomm Stadium,2007,8
San Diego Chargers,Qualcomm Stadium,2008,8
San Diego Chargers,Qualcomm Stadium,2009,8
San Diego Chargers,Qualcomm Stadium,2010,8
San Diego Chargers,Qualcomm Stadium,2011,7
San Diego Chargers,Qualcomm Stadium,2012,8
San Diego Chargers,Qualcomm Stadium,2013,8
San Diego Chargers,Qualcomm Stadium,2014,8
San Diego Chargers,Qualcomm Stadium,2015,8
San Diego Chargers,Qualcomm Stadium,2016,8
San Diego Chargers,Snapdragon Stadium,2011,1
San Francisco 49ers,Candlestick Park,2008,8
San Francisco 49ers,Candlestick Park,2009,8
San Francisco 49ers,Candlestick Park,2010,7
San Francisco 49ers,Candlestick Park,2011,8
San Francisco 49ers,Candlestick Park,2012,8
San Francisco 49ers,Candlestick Park,2013,8
San Francisco 49ers,Levis Stadium,2014,8
San Francisco 49ers,Levis Stadium,2015,8
San Francisco 49ers,Levis Stadium,2016,8
San Francisco 49ers,Levis Stadium,2017,8
San Francisco 49ers,Levis Stadium,2018,8
San Francisco 49ers,Levis Stadium,2019,8
San Francisco 49ers,Monster Park,2007,8
San Francisco 49ers,Wembley Stadium,2010,1
Seattle Seahawks,CenturyField,2015,1
Seattle Seahawks,CenturyField,2018,1
Seattle Seahawks,CenturyLink,2015,1
Seattle Seahawks,CenturyLink,2017,1
Seattle Seahawks,CenturyLink Field,2011,8
Seattle Seahawks,CenturyLink Field,2012,8
Seattle Seahawks,CenturyLink Field,2013,8
Seattle Seahawks,CenturyLink Field,2014,8
Seattle Seahawks,CenturyLink Field,2015,6
Seattle Seahawks,CenturyLink Field,2016,8
Seattle Seahawks,CenturyLink Field,2017,7
Seattle Seahawks,CenturyLink Field,2018,7
Seattle Seahawks,CenturyLink Field,2019,8
Seattle Seahawks,Qwest Field,2007,8
Seattle Seahawks,Qwest Field,2008,8
Seattle Seahawks,Qwest Field,2009,7
Seattle Seahawks,Qwest Field,2010,8
Seattle Seahawks,Qwest Stadium,2009,1
St. Louis Rams,Edward Jones Dome,2007,8
St. Louis Rams,Edward Jones Dome,2008,8
St. Louis Rams,Edward Jones Dome,2009,8
St. Louis Rams,Edward Jones Dome,2010,8
St. Louis Rams,Edward Jones Dome,2011,8
St. Louis Rams,Edward Jones Dome,2012,7
St. Louis Rams,Edward Jones Dome,2013,7
St. Louis Rams,Edward Jones Dome,2014,8
St. Louis Rams,Edward Jones Dome,2015,8
St. Louis Rams,Edwards Jones Dome,2013,1
St. Louis Rams,Wembley Stadium,2012,1
Tampa Bay Buccaneers,Raymond James Stadium,2007,8
Tampa Bay Buccaneers,Raymond James Stadium,2008,8
Tampa Bay Buccaneers,Raymond James Stadium,2009,7
Tampa Bay Buccaneers,Raymond James Stadium,2010,8
Tampa Bay Buccaneers,Raymond James Stadium,2011,7
Tampa Bay Buccaneers,Raymond James Stadium,2012,8
Tampa Bay Buccaneers,Raymond James Stadium,2013,8
Tampa Bay Buccaneers,Raymond James Stadium,2014,7
Tampa Bay Buccaneers,Raymond James Stadium,2015,8
Tampa Bay Buccaneers,Raymond James Stadium,2016,8
Tampa Bay Buccaneers,Raymond James Stadium,2017,8
Tampa Bay Buccaneers,Raymond James Stadium,2018,8
Tampa Bay Buccaneers,Raymond James Stadium,2019,7
Tampa Bay Buccaneers,Raymond James STadium,2014,1
Tampa Bay Buccaneers,Tottenham Hotspur,2019,1
Tampa Bay Buccaneers,Wembley Stadium,2009,1
Tampa Bay Buccaneers,Wembley Stadium,2011,1
Tennessee Titans,LP Field,2007,8
Tennessee Titans,LP Field,2008,8
Tennessee Titans,LP Field,2009,8
Tennessee Titans,LP Field,2010,8
Tennessee Titans,LP Field,2011,8
Tennessee Titans,LP Field,2012,8
Tennessee Titans,LP Field,2013,8
Tennessee Titans,LP Field,2014,8
Tennessee Titans,Nissan Stadium,2015,8
Tennessee Titans,Nissan Stadium,2016,8
Tennessee Titans,Nissan Stadium,2017,8
Tennessee Titans,Nissan Stadium,2018,8
Tennessee Titans,Nissan Stadium,2019,8
Washington Redskins,Fedex Field,2012,1
Washington Redskins,FedEx Field,2007,1
Washington Redskins,FedEx Field,2008,1
Washington Redskins,FedexField,2019,1
Washington Redskins,FedExField,2007,7
Washington Redskins,FedExField,2008,7
Washington Redskins,FedExField,2009,8
Washington Redskins,FedExField,2010,8
Washington Redskins,FedExField,2011,8
Washington Redskins,FedExField,2012,7
Washington Redskins,FedExField,2013,8
Washington Redskins,FedExField,2014,8
Washington Redskins,FedExField,2015,8
Washington Redskins,FedExField,2016,8
Washington Redskins,FedExField,2017,8
Washington Redskins,FedExField,2018,8
Washington Redskins,FedExField,2019,7
